Job Title,Company,Location,Tags,Date Posted
$30 Hourly Virtual Assistant USA RESIDENTS ONLY,HOLDON NOW,ğŸ‡ºğŸ‡¸ United States,"Admin, Customer Support, Data Entry, ",2025-08-11T00:00:06+00:00
Product Engineer,Tolt,ğŸŒ Worldwide,"JavaScript, Typescript, React, , , ",2025-08-07T13:50:36+00:00
Content & Social Lead,Aragon,Remote - Anywhere,"Web3, Full-Stack, Technical, , , , , , , , , , ",2025-08-11T10:00:04+00:00
Mobile Developer,The Biz Conquest,ğŸ’ƒ Latin America,"Developer, Engineer, Mobiledev, ",2025-08-10T22:38:08+00:00
Backend Software Engineer Client Group,Virta Health,ğŸŒ Probably worldwide,"Software, Front End, Security, , , , , , , , , , , , , ",2025-08-10T19:00:05+00:00
Senior Backend Engineer,Deblock,ğŸŒ Probably worldwide,"Golang, Crypto, Fintech, , , , ",2025-08-10T18:15:02+00:00
Payment QR Code from Eye AI,CrowdGen by Appen,ğŸ‡®ğŸ‡³ India,"Code, Quality Assurance, Mobile",2025-08-10T16:00:08+00:00
Automation Engineer UI Quality Assurance,Machinify,Palo Alto,"UI, Design, Front-End, , , , , , , , , , ",2025-08-09T16:00:03+00:00
Developer Relations Engineer,Arbitrum Foundation,ğŸ‡ªğŸ‡º Europe,"Developer, Web3, Cryptocurrency, , , , , , , , , , , , , , , ",2025-08-08T13:00:04+00:00
Customer Experience Associate,Koala Health,ğŸŒ Worldwide,"Technical, Support, Web, , , , ",2025-08-08T12:00:11+00:00
Human Resources Associate Mid level,CoinGecko,ğŸŒ Probably worldwide,"Cryptocurrency, HR, System, , , , , , , , , , ",2025-08-08T10:00:07+00:00
Backend Software Engineer,Prophet Security,ğŸŒ Probably worldwide,"Golang, InfoSec, Software, , , ",2025-08-07T18:15:03+00:00
$2.000+ monthly LinkedIn DM reply Job USA TIMEZONE,Executive Bootcamp,ğŸŒ Worldwide,"Sales, Marketing, Other",2025-08-06T15:28:45+00:00
Senior Software Engineer,lakeFS,ğŸŒ Probably worldwide,"Golang, Software, Senior, ",2025-08-07T14:15:03+00:00
Connected Care Assistant,Included Health,ğŸŒ Worldwide,"Assistant, Training, Recruiter, , , , , , , ",2025-08-07T13:00:02+00:00
Javascript Fullstack Engineer Senior,Lumenalta,ğŸŒ Worldwide,"Developer, Engineer, JavaScript",2025-08-07T00:00:10+00:00
Customer Care Advisor,GoodLeap,ğŸŒ Worldwide,"Supervisor, Support, Developer, , , , ",2025-08-06T19:00:02+00:00
Senior Backend Engineer,Monzo,ğŸŒ Probably worldwide,"Golang, Senior, Engineer, ",2025-08-06T18:15:03+00:00
DevOps Engineer,InfStones,ğŸ‡ºğŸ‡¸ United States,"Amazon, Web3, System, , , , , , , , , , , , , , , , , , ",2025-08-06T11:00:02+00:00
Technical Writer,Peach Finance,ğŸŒ Worldwide,"System, Training, Technical, , , , , , , , , , ",2025-08-06T10:00:04+00:00
Senior Full Stack Engineer,FetLife,ğŸŒ Worldwide,"Engineer, Ruby, Vue, , , , , , , , , , , , , , , , , , ",2025-08-06T09:48:22+00:00
Korean Japanese Lyric Transliteration Reviewer,Welo Data,ğŸ’° $10k - $10k,"Quality Assurance, Teaching, Part Time, , , , , , ",2025-07-29T11:17:10+00:00
Customer Support Engineer I Intern,CloudWalk,ğŸŒ Worldwide,"Technical, Support, Voice, , , , ",2025-08-05T08:00:02+00:00
Account Executive,CoinGecko,ğŸŒ Probably worldwide,"SaaS, Web3, Cryptocurrency, , , , , , , , , , , , , , , , , ",2025-08-04T21:00:04+00:00
UI UX Designer,Spiralyze,ğŸŒ Worldwide,"Design, Web Design, UI/UX Design",2025-08-03T00:00:11+00:00
Rater the United States,TELUS Digital,ğŸ‡ºğŸ‡¸ United States,"Quality Assurance, Other",2025-08-04T00:00:06+00:00
Senior Python Backend Engineer,Orga AI,ğŸŒ Worldwide,"Developer, Python, Senior, , , , ",2025-07-26T00:00:07+00:00
Medical Record Specialist,Accompany Health,ğŸ‡ºğŸ‡¸ United States,"Edu, Lead, Go, , , , , ",2025-08-01T16:00:09+00:00
Blockchain Security Expert AI Track,CertiK,ğŸ‡ºğŸ‡¸ United States,"Security, Web3, Support, , , , ",2025-08-01T09:00:02+00:00
Growth Marketing Lead,Anchorage Digital,ğŸ‡ºğŸ‡¸ United States,"Growth, Crypto, Security, , , , , , , , , , , ",2025-08-01T08:00:05+00:00
Senior Backend Engineer,Mozilla Corporation,ğŸŒ Probably worldwide,"Golang, Senior, Engineer, ",2025-07-31T17:15:03+00:00
Data Engineer,Nomi Health,ğŸ‡ºğŸ‡¸ United States,"Technical, Testing, NoSQL, , , ",2025-07-31T00:00:10+00:00
Associate Director Clinical Monitoring,WEP Clinical,ğŸŒ Worldwide,"Director, Training, Support, , , , , ",2025-07-30T16:00:10+00:00
Social Programs Manager,One Medical,ğŸ‡ºğŸ‡¸ United States,Manager,2025-07-30T00:00:07+00:00
Chargeback Analyst,CloudWalk,ğŸ‡§ğŸ‡· Brazil,"Analyst, Teach, Support, , , , , ",2025-07-29T22:00:02+00:00
Principal Software Engineer,CEF.Ai,ğŸ‡ªğŸ‡º Europe,"Other, Developer",2025-07-29T13:16:27+00:00
WordPress Plugins & Themes developer,Melapress,ğŸ‡ªğŸ‡º Europe,"Developer, DevOps, Wordpress, , , , , , ",2025-07-22T09:40:58+00:00
Staff Software Engineer Backend,Socure,Carson City,"Software, Design, GraphQL, , , , , , , , , , ",2025-07-28T18:00:04+00:00
Senior DevOps Engineer,Inkitt,Remote Mexico City,"Redis, System, Security, , , , , , , , , , , ",2025-07-28T12:00:03+00:00
Software engineer,Sticker Mule,ğŸ’° $140k - $180k,"Engineer, Developer, Postgres, , , , ",2025-07-28T09:46:06+00:00
KYC Ops Leader,Coins.ph,ğŸ‡µğŸ‡­ Philippines,"Crypto, Cryptocurrencies, Training, , , , , , , , , , ",2025-07-28T08:00:03+00:00
Senior Android Engineer,Tala,Remote-India,"Crypto, Financial, Fintech, , , , ",2025-07-27T21:00:03+00:00
Aprio Canada National Tax Office Leader Senior Tax Director,Aprio,Toronto,"Director, Training, Technical, , , , , , , ",2025-07-26T08:00:07+00:00
Associate Data Engineer,Sayari,ğŸ‡ºğŸ‡¸ United States,"Python, Training, Software, , , , , , ",2025-07-25T18:00:04+00:00
